threads,runtime_seconds,power_watts,energy_joules
1,20.018698253,41.952,839.828600
2,20.016205427,47.714,955.071408
4,20.015496434,62.269,1246.362226
8,20.015731781,77.127,1543.756424
12,20.016648064,97.213,1945.886498
16,20.016792804,113.983,2281.592182
20,20.018314887,123.882,2479.924498
24,20.021782050,124.785,2498.434522
28,20.022397082,126.694,2536.725440
32,20.021421338,127.408,2550.900391
36,20.020975453,120.324,2409.012388
